<?xml version="1.0" encoding="UTF-8"?>
<project-private xmlns="http://www.netbeans.org/ns/project-private/1">
    <editor-bookmarks xmlns="http://www.netbeans.org/ns/editor-bookmarks/2" lastBookmarkId="0"/>
    <open-files xmlns="http://www.netbeans.org/ns/projectui-open-files/2">
        <group name="Estructura de Datos">
            <file>file:/Users/arturoavilescastellanos/Documents/Estructura%20de%20Datos/Practica10/Practica10/src/Practica10/MapaCiudadesApp.java</file>
            <file>file:/Users/arturoavilescastellanos/Documents/Estructura%20de%20Datos/Practica10/Practica10/src/Practica10/MapaPeliculasApp.java</file>
            <file>file:/Users/arturoavilescastellanos/Documents/Estructura%20de%20Datos/Practica10/Practica10/src/Practica10/EstadoCiudades.txt</file>
            <file>file:/Users/arturoavilescastellanos/Documents/Estructura%20de%20Datos/Practica10/Practica10/src/Practica10/MapaNFLApp.java</file>
        </group>
    </open-files>
</project-private>
